team,games_played,wins,losses,win_percent,minutes,points,field_goals_made,field_goals_attempted,field_goals_percent,threes_made,threes_attempted,threes_percent,ft_made,ft_attempted,ft_percent,o_rebound,d_rebound,rebounds,assists,turnovers,steals,blocks,blocks_against,personal_fouls,year,image
Milwaukee Bucks,82,58,24,.707,3966,9589,3504,7411,47.3,1217,3306,36.8,1364,1837,74.3,914,3074,3988,2115,1199,521,403,323,1480,2022,https://cdn.nba.com/logos/nba/1610612749/global/L/logo.svg
Boston Celtics,82,57,25,.695,3996,9671,3460,7278,47.5,1315,3492,37.7,1436,1769,81.2,796,2921,3717,2186,1095,521,430,318,1542,2022,https://cdn.nba.com/logos/nba/1610612749/global/L/logo.svg
Philadelphia 76ers,82,54,28,.659,3976,9448,3347,6870,48.7,1035,2675,38.7,1719,2058,83.5,715,2641,3356,2063,1121,635,389,380,1675,2022,https://cdn.nba.com/logos/nba/1610612749/global/L/logo.svg
Denver Nuggets,82,53,29,.646,3951,9495,3574,7088,50.4,969,2559,37.9,1378,1834,75.1,828,2699,3527,2368,1192,618,368,344,1525,2022,https://cdn.nba.com/logos/nba/1610612749/global/L/logo.svg
Cleveland Cavaliers,82,51,31,.622,3976,9205,3408,6984,48.8,950,2589,36.7,1439,1844,78.0,795,2574,3369,2045,1094,586,384,360,1560,2022,https://cdn.nba.com/logos/nba/1610612749/global/L/logo.svg
Memphis Grizzlies,82,51,31,.622,3956,9587,3585,7551,47.5,985,2807,35.1,1432,1954,73.3,988,2835,3823,2135,1116,680,473,427,1643,2022,https://cdn.nba.com/logos/nba/1610612749/global/L/logo.svg
Sacramento Kings,82,48,34,.585,3966,9898,3573,7232,49.4,1128,3060,36.9,1624,2055,79.0,782,2699,3481,2237,1106,574,275,341,1616,2022,https://cdn.nba.com/logos/nba/1610612749/global/L/logo.svg
New York Knicks,82,47,35,.573,3991,9514,3444,7328,47.0,1037,2930,35.4,1589,2087,76.1,1031,2790,3821,1880,1065,527,340,370,1666,2022,https://cdn.nba.com/logos/nba/1610612749/global/L/logo.svg
Brooklyn Nets,82,45,37,.549,3946,9295,3399,6978,48.7,1048,2771,37.8,1449,1811,80.0,674,2648,3322,2093,1127,585,506,317,1730,2022,https://cdn.nba.com/logos/nba/1610612749/global/L/logo.svg
Phoenix Suns,82,45,37,.549,3956,9319,3453,7388,46.7,1001,2674,37.4,1412,1781,79.3,971,2657,3628,2235,1110,585,432,327,1739,2022,https://cdn.nba.com/logos/nba/1610612749/global/L/logo.svg
Golden State Warriors,82,44,38,.537,3966,9753,3538,7393,47.9,1363,3540,38.5,1314,1655,79.4,864,2793,3657,2446,1336,588,324,326,1756,2022,https://cdn.nba.com/logos/nba/1610612749/global/L/logo.svg
LA Clippers,82,44,38,.537,3966,9314,3370,7060,47.7,1041,2734,38.1,1533,1962,78.1,803,2742,3545,1959,1167,580,364,344,1598,2022,https://cdn.nba.com/logos/nba/1610612749/global/L/logo.svg
Miami Heat,82,44,38,.537,3961,8977,3215,6991,46.0,980,2852,34.4,1567,1885,83.1,796,2533,3329,1955,1106,655,243,309,1516,2022,https://cdn.nba.com/logos/nba/1610612749/global/L/logo.svg
Los Angeles Lakers,82,43,39,.524,3976,9608,3516,7298,48.2,885,2558,34.6,1691,2182,77.5,818,2930,3748,2072,1154,526,378,416,1466,2022,https://cdn.nba.com/logos/nba/1610612749/global/L/logo.svg
Minnesota Timberwolves,82,42,40,.512,3966,9494,3515,7167,49.0,997,2731,36.5,1467,1942,75.5,749,2686,3435,2145,1258,657,444,336,1768,2022,https://cdn.nba.com/logos/nba/1610612749/global/L/logo.svg
New Orleans Pelicans,82,42,40,.512,3971,9378,3447,7180,48.0,899,2468,36.4,1585,2000,79.3,866,2717,3583,2122,1196,681,337,386,1678,2022,https://cdn.nba.com/logos/nba/1610612749/global/L/logo.svg
Atlanta Hawks,82,41,41,.500,3971,9711,3658,7574,48.3,882,2505,35.2,1513,1850,81.8,920,2719,3639,2049,1060,580,401,414,1541,2022,https://cdn.nba.com/logos/nba/1610612749/global/L/logo.svg
Toronto Raptors,82,41,41,.500,3961,9254,3434,7489,45.9,880,2626,33.5,1506,1922,78.4,1043,2485,3528,1961,956,772,424,376,1641,2022,https://cdn.nba.com/logos/nba/1610612749/global/L/logo.svg
Chicago Bulls,82,40,42,.488,3981,9276,3488,7116,49.0,854,2367,36.1,1446,1788,80.9,694,2779,3473,2006,1097,644,371,389,1551,2022,https://cdn.nba.com/logos/nba/1610612749/global/L/logo.svg
Oklahoma City Thunder,82,40,42,.488,3971,9633,3533,7590,46.5,995,2797,35.6,1572,1944,80.9,934,2646,3580,2002,1070,676,341,454,1722,2022,https://cdn.nba.com/logos/nba/1610612749/global/L/logo.svg
Dallas Mavericks,82,38,44,.463,3986,9366,3283,6909,47.5,1246,3362,37.1,1554,2057,75.5,625,2556,3181,1880,1002,514,304,312,1697,2022,https://cdn.nba.com/logos/nba/1610612749/global/L/logo.svg
Utah Jazz,82,37,45,.451,3961,9600,3485,7365,47.3,1094,3099,35.3,1536,1955,78.6,968,2794,3762,2129,1259,500,429,405,1679,2022,https://cdn.nba.com/logos/nba/1610612749/global/L/logo.svg
Indiana Pacers,82,35,47,.427,3951,9535,3444,7345,46.9,1112,3030,36.7,1535,1944,79.0,832,2575,3407,2213,1224,631,478,438,1741,2022,https://cdn.nba.com/logos/nba/1610612749/global/L/logo.svg
Washington Wizards,82,35,47,.427,3951,9279,3456,7127,48.5,925,2601,35.6,1442,1838,78.5,774,2804,3578,2083,1158,561,424,406,1539,2022,https://cdn.nba.com/logos/nba/1610612749/global/L/logo.svg
Orlando Magic,82,34,48,.415,3956,9136,3323,7074,47.0,883,2551,34.6,1607,2050,78.4,833,2713,3546,1906,1236,603,382,415,1652,2022,https://cdn.nba.com/logos/nba/1610612749/global/L/logo.svg
Portland Trail Blazers,82,33,49,.402,3946,9299,3317,7001,47.4,1056,2893,36.5,1609,2021,79.6,774,2551,3325,1981,1185,553,376,352,1643,2022,https://cdn.nba.com/logos/nba/1610612749/global/L/logo.svg
Charlotte Hornets,82,27,55,.329,3966,9098,3385,7413,45.7,881,2669,33.0,1447,1932,74.9,901,2751,3652,2062,1164,634,425,471,1661,2022,https://cdn.nba.com/logos/nba/1610612749/global/L/logo.svg
Houston Rockets,82,22,60,.268,3951,9081,3329,7287,45.7,856,2619,32.7,1567,2078,75.4,1100,2695,3795,1835,1332,600,374,509,1679,2022,https://cdn.nba.com/logos/nba/1610612749/global/L/logo.svg
San Antonio Spurs,82,22,60,.268,3971,9269,3533,7593,46.5,911,2640,34.5,1292,1739,74.3,965,2619,3584,2232,1253,572,322,431,1630,2022,https://cdn.nba.com/logos/nba/1610612749/global/L/logo.svg
Detroit Pistons,82,17,65,.207,3961,9045,3244,7140,45.4,934,2659,35.1,1623,2106,77.1,916,2564,3480,1884,1237,574,308,453,1813,2022,https://cdn.nba.com/logos/nba/1610612749/global/L/logo.svg
Phoenix Suns,82,64,18,.780,3946,9416,3581,7389,48.5,951,2616,36.4,1303,1635,79.7,801,2913,3714,2244,1060,702,359,327,1633,2021,https://cdn.nba.com/logos/nba/1610612756/global/L/logo.svg
Memphis Grizzlies,82,56,26,.683,3956,9480,3571,7739,46.1,945,2679,35.3,1393,1898,73.4,1159,2873,4032,2131,1082,800,533,496,1620,2021,https://cdn.nba.com/logos/nba/1610612756/global/L/logo.svg
Golden State Warriors,82,53,29,.646,3946,9102,3323,7087,46.9,1176,3231,36.4,1280,1665,76.9,800,2930,3730,2223,1221,719,372,317,1723,2021,https://cdn.nba.com/logos/nba/1610612756/global/L/logo.svg
Miami Heat,82,53,29,.646,3971,9022,3246,6954,46.7,1114,2936,37.9,1416,1753,80.8,807,2778,3585,2090,1194,606,265,330,1679,2021,https://cdn.nba.com/logos/nba/1610612756/global/L/logo.svg
Dallas Mavericks,82,52,30,.634,3951,8858,3222,6982,46.1,1073,3063,35.0,1341,1739,77.1,759,2769,3528,1918,1025,552,325,300,1612,2021,https://cdn.nba.com/logos/nba/1610612756/global/L/logo.svg
Boston Celtics,82,51,31,.622,3981,9164,3341,7167,46.6,1085,3044,35.6,1397,1713,81.6,863,2915,3778,2036,1118,591,478,376,1521,2021,https://cdn.nba.com/logos/nba/1610612756/global/L/logo.svg
Milwaukee Bucks,82,51,31,.622,3951,9470,3429,7331,46.8,1153,3151,36.6,1459,1881,77.6,840,2990,3830,1960,1100,623,326,357,1494,2021,https://cdn.nba.com/logos/nba/1610612756/global/L/logo.svg
Philadelphia 76ers,82,51,31,.622,3961,9015,3230,6932,46.6,950,2608,36.4,1605,1955,82.1,700,2770,3470,1945,1027,633,435,379,1590,2021,https://cdn.nba.com/logos/nba/1610612756/global/L/logo.svg
Utah Jazz,82,49,33,.598,3946,9316,3327,7067,47.1,1192,3308,36.0,1470,1916,76.7,884,2916,3800,1836,1148,588,402,352,1547,2021,https://cdn.nba.com/logos/nba/1610612756/global/L/logo.svg
Denver Nuggets,82,48,34,.585,3961,9243,3416,7079,48.3,1039,2944,35.3,1372,1725,79.5,752,2865,3617,2279,1189,592,305,392,1639,2021,https://cdn.nba.com/logos/nba/1610612756/global/L/logo.svg
Toronto Raptors,82,48,34,.585,3971,8970,3332,7489,44.5,979,2808,34.9,1327,1749,75.9,1095,2622,3717,1809,1021,738,376,416,1607,2021,https://cdn.nba.com/logos/nba/1610612756/global/L/logo.svg
Chicago Bulls,82,46,36,.561,3946,9152,3422,7127,48.0,872,2364,36.9,1436,1766,81.3,711,2760,3471,1958,1053,585,336,410,1540,2021,https://cdn.nba.com/logos/nba/1610612756/global/L/logo.svg
Minnesota Timberwolves,82,46,36,.561,3956,9507,3411,7458,45.7,1211,3386,35.8,1474,1894,77.8,921,2700,3621,2106,1175,721,460,397,1786,2021,https://cdn.nba.com/logos/nba/1610612756/global/L/logo.svg
Brooklyn Nets,82,44,38,.537,3951,9258,3442,7251,47.5,940,2602,36.1,1434,1781,80.5,844,2796,3640,2071,1153,582,448,403,1670,2021,https://cdn.nba.com/logos/nba/1610612756/global/L/logo.svg
Cleveland Cavaliers,82,44,38,.537,3946,8839,3255,6940,46.9,953,2686,35.5,1376,1810,76.0,837,2786,3623,2064,1181,580,343,380,1433,2021,https://cdn.nba.com/logos/nba/1610612756/global/L/logo.svg
Atlanta Hawks,82,43,39,.524,3941,9343,3401,7241,47.0,1056,2821,37.4,1485,1829,81.2,823,2783,3606,2017,972,587,348,367,1534,2021,https://cdn.nba.com/logos/nba/1610612756/global/L/logo.svg
Charlotte Hornets,82,43,39,.524,3976,9457,3508,7497,46.8,1143,3130,36.5,1298,1753,74.0,888,2767,3655,2302,1087,707,402,377,1629,2021,https://cdn.nba.com/logos/nba/1610612756/global/L/logo.svg
LA Clippers,82,42,40,.512,3956,8890,3285,7170,45.8,1047,2802,37.4,1273,1606,79.3,747,2860,3607,1969,1126,608,406,339,1528,2021,https://cdn.nba.com/logos/nba/1610612756/global/L/logo.svg
New York Knicks,82,37,45,.451,3956,8731,3088,7069,43.7,1082,3029,35.7,1473,1980,74.4,941,2841,3782,1793,1087,570,399,379,1672,2021,https://cdn.nba.com/logos/nba/1610612756/global/L/logo.svg
New Orleans Pelicans,82,36,46,.439,3951,8962,3294,7212,45.7,873,2629,33.2,1501,1903,78.9,981,2726,3707,2047,1153,680,328,391,1612,2021,https://cdn.nba.com/logos/nba/1610612756/global/L/logo.svg
Washington Wizards,82,35,47,.427,3966,8907,3327,7056,47.2,860,2512,34.2,1393,1778,78.3,737,2798,3535,2052,1077,522,406,344,1545,2021,https://cdn.nba.com/logos/nba/1610612756/global/L/logo.svg
San Antonio Spurs,82,34,48,.415,3961,9279,3546,7601,46.7,925,2626,35.2,1262,1673,75.4,901,2815,3716,2289,1043,626,403,403,1483,2021,https://cdn.nba.com/logos/nba/1610612756/global/L/logo.svg
Los Angeles Lakers,82,33,49,.402,3996,9192,3415,7279,46.9,982,2826,34.7,1380,1884,73.2,782,2826,3608,1968,1191,626,425,338,1654,2021,https://cdn.nba.com/logos/nba/1610612756/global/L/logo.svg
Sacramento Kings,82,30,52,.366,3961,9045,3321,7223,46.0,937,2722,34.4,1466,1908,76.8,784,2737,3521,1943,1156,588,369,395,1552,2021,https://cdn.nba.com/logos/nba/1610612756/global/L/logo.svg
Portland Trail Blazers,82,27,55,.329,3946,8711,3161,7144,44.2,1043,3017,34.6,1346,1771,76.0,854,2661,3515,1880,1187,657,366,409,1728,2021,https://cdn.nba.com/logos/nba/1610612756/global/L/logo.svg
Indiana Pacers,82,25,57,.305,3976,9140,3398,7338,46.3,997,2899,34.4,1347,1754,76.8,925,2671,3596,2081,1183,582,457,401,1675,2021,https://cdn.nba.com/logos/nba/1610612756/global/L/logo.svg
Oklahoma City Thunder,82,24,58,.293,3961,8506,3141,7310,43.0,991,3066,32.3,1233,1632,75.6,854,2887,3741,1822,1145,622,380,490,1497,2021,https://cdn.nba.com/logos/nba/1610612756/global/L/logo.svg
Detroit Pistons,82,23,59,.280,3956,8596,3129,7267,43.1,925,2838,32.6,1413,1806,78.2,900,2625,3525,1924,1163,630,393,427,1799,2021,https://cdn.nba.com/logos/nba/1610612756/global/L/logo.svg
Orlando Magic,82,22,60,.268,3956,8547,3139,7240,43.4,999,3022,33.1,1270,1614,78.7,746,2885,3631,1947,1188,555,367,428,1612,2021,https://cdn.nba.com/logos/nba/1610612756/global/L/logo.svg
Houston Rockets,82,20,62,.244,3951,8997,3229,7083,45.6,1105,3170,34.9,1434,2010,71.3,786,2660,3446,1932,1351,600,382,474,1692,2021,https://cdn.nba.com/logos/nba/1610612756/global/L/logo.svg
Utah Jazz,72,52,20,.722,3471,8382,2971,6344,46.8,1205,3098,38.9,1235,1546,79.9,765,2709,3474,1703,1023,474,371,282,1335,2020,https://cdn.nba.com/logos/nba/1610612762/global/L/logo.svg
Phoenix Suns,72,51,21,.708,3496,8300,3118,6357,49.0,940,2490,37.8,1124,1347,83.4,630,2462,3092,1939,902,517,312,258,1374,2020,https://cdn.nba.com/logos/nba/1610612762/global/L/logo.svg
Philadelphia 76ers,72,49,23,.681,3486,8182,2981,6257,47.6,811,2169,37.4,1409,1836,76.7,722,2522,3244,1706,1040,655,447,335,1456,2020,https://cdn.nba.com/logos/nba/1610612762/global/L/logo.svg
Brooklyn Nets,72,48,24,.667,3481,8537,3106,6289,49.4,1020,2600,39.2,1305,1623,80.4,640,2559,3199,1929,975,484,379,330,1371,2020,https://cdn.nba.com/logos/nba/1610612762/global/L/logo.svg
Denver Nuggets,72,47,25,.653,3496,8284,3114,6422,48.5,927,2462,37.7,1129,1406,80.3,758,2442,3200,1933,972,582,323,325,1374,2020,https://cdn.nba.com/logos/nba/1610612762/global/L/logo.svg
LA Clippers,72,47,25,.653,3456,8209,3009,6242,48.2,1027,2498,41.1,1164,1387,83.9,678,2501,3179,1756,949,509,295,304,1383,2020,https://cdn.nba.com/logos/nba/1610612762/global/L/logo.svg
Milwaukee Bucks,72,46,26,.639,3466,8649,3221,6610,48.7,1038,2669,38.9,1169,1539,76.0,741,2724,3465,1834,995,585,334,348,1244,2020,https://cdn.nba.com/logos/nba/1610612762/global/L/logo.svg
Dallas Mavericks,72,42,30,.583,3461,8096,2958,6287,47.0,994,2744,36.2,1186,1524,77.8,657,2463,3120,1647,869,450,311,264,1396,2020,https://cdn.nba.com/logos/nba/1610612762/global/L/logo.svg
Los Angeles Lakers,72,42,30,.583,3491,7887,2925,6197,47.2,796,2248,35.4,1241,1679,73.9,695,2490,3185,1775,1095,562,386,327,1377,2020,https://cdn.nba.com/logos/nba/1610612762/global/L/logo.svg
Portland Trail Blazers,72,42,30,.583,3461,8360,2973,6558,45.3,1132,2939,38.5,1282,1558,82.3,766,2441,3207,1531,799,496,363,333,1362,2020,https://cdn.nba.com/logos/nba/1610612762/global/L/logo.svg
Atlanta Hawks,72,41,31,.569,3481,8186,2937,6281,46.8,895,2402,37.3,1417,1745,81.2,760,2525,3285,1737,953,503,342,363,1392,2020,https://cdn.nba.com/logos/nba/1610612762/global/L/logo.svg
New York Knicks,72,41,31,.569,3486,7706,2839,6225,45.6,847,2163,39.2,1181,1506,78.4,696,2554,3250,1541,932,507,365,391,1473,2020,https://cdn.nba.com/logos/nba/1610612762/global/L/logo.svg
Miami Heat,72,40,32,.556,3476,7781,2824,6029,46.8,932,2606,35.8,1201,1520,79.0,579,2409,2988,1895,1013,569,286,287,1363,2020,https://cdn.nba.com/logos/nba/1610612762/global/L/logo.svg
Golden State Warriors,72,39,33,.542,3461,8187,2973,6347,46.8,1048,2789,37.6,1193,1520,78.5,574,2524,3098,1991,1080,587,342,312,1526,2020,https://cdn.nba.com/logos/nba/1610612762/global/L/logo.svg
Memphis Grizzlies,72,38,34,.528,3481,8157,3085,6608,46.7,803,2258,35.6,1184,1536,77.1,803,2543,3346,1938,957,655,364,377,1349,2020,https://cdn.nba.com/logos/nba/1610612762/global/L/logo.svg
Boston Celtics,72,36,36,.500,3476,8109,2985,6401,46.6,979,2618,37.4,1160,1496,77.5,765,2421,3186,1689,1012,556,383,334,1471,2020,https://cdn.nba.com/logos/nba/1610612762/global/L/logo.svg
Indiana Pacers,72,34,38,.472,3491,8302,3115,6567,47.4,889,2445,36.4,1183,1493,79.2,648,2424,3072,1973,975,611,460,380,1453,2020,https://cdn.nba.com/logos/nba/1610612762/global/L/logo.svg
Washington Wizards,72,34,38,.472,3481,8398,3108,6547,47.5,733,2088,35.1,1449,1884,76.9,697,2557,3254,1835,1036,528,297,348,1555,2020,https://cdn.nba.com/logos/nba/1610612762/global/L/logo.svg
Charlotte Hornets,72,33,39,.458,3471,7881,2875,6324,45.5,985,2666,36.9,1146,1505,76.1,762,2389,3151,1933,1069,565,344,347,1298,2020,https://cdn.nba.com/logos/nba/1610612762/global/L/logo.svg
San Antonio Spurs,72,33,39,.458,3496,7998,3014,6518,46.2,716,2046,35.0,1254,1584,79.2,669,2489,3158,1759,821,505,366,369,1293,2020,https://cdn.nba.com/logos/nba/1610612762/global/L/logo.svg
Chicago Bulls,72,31,41,.431,3476,7969,3035,6380,47.6,904,2446,37.0,995,1258,79.1,693,2544,3237,1927,1089,482,304,364,1362,2020,https://cdn.nba.com/logos/nba/1610612762/global/L/logo.svg
New Orleans Pelicans,72,31,41,.431,3486,8251,3060,6412,47.7,762,2190,34.8,1369,1878,72.9,845,2568,3413,1872,1052,545,315,426,1295,2020,https://cdn.nba.com/logos/nba/1610612762/global/L/logo.svg
Sacramento Kings,72,31,41,.431,3461,8189,3067,6382,48.1,874,2400,36.4,1181,1585,74.5,674,2307,2981,1836,963,543,358,336,1400,2020,https://cdn.nba.com/logos/nba/1610612762/global/L/logo.svg
Toronto Raptors,72,27,45,.375,3461,8011,2859,6383,44.8,1041,2831,36.8,1252,1536,81.5,680,2314,2994,1735,952,618,388,402,1526,2020,https://cdn.nba.com/logos/nba/1610612762/global/L/logo.svg
Minnesota Timberwolves,72,23,49,.319,3481,8073,2932,6546,44.8,944,2706,34.9,1265,1662,76.1,757,2376,3133,1846,1027,632,398,398,1507,2020,https://cdn.nba.com/logos/nba/1610612762/global/L/logo.svg
Cleveland Cavaliers,72,22,50,.306,3486,7476,2778,6175,45.0,720,2141,33.6,1200,1614,74.3,751,2327,3078,1716,1114,559,325,425,1308,2020,https://cdn.nba.com/logos/nba/1610612762/global/L/logo.svg
Oklahoma City Thunder,72,22,50,.306,3471,7560,2795,6338,44.1,857,2529,33.9,1113,1536,72.5,715,2568,3283,1588,1162,504,316,378,1305,2020,https://cdn.nba.com/logos/nba/1610612762/global/L/logo.svg
Orlando Magic,72,21,51,.292,3466,7488,2754,6423,42.9,784,2288,34.3,1196,1543,77.5,747,2525,3272,1571,924,496,318,385,1237,2020,https://cdn.nba.com/logos/nba/1610612762/global/L/logo.svg
Detroit Pistons,72,20,52,.278,3486,7676,2783,6162,45.2,832,2370,35.1,1278,1683,75.9,694,2381,3075,1743,1075,531,371,419,1477,2020,https://cdn.nba.com/logos/nba/1610612762/global/L/logo.svg
Houston Rockets,72,17,55,.236,3461,7833,2826,6372,44.4,992,2923,33.9,1189,1606,74.0,671,2396,3067,1699,1060,546,361,378,1407,2020,https://cdn.nba.com/logos/nba/1610612762/global/L/logo.svg
Milwaukee Bucks,73,56,17,.767,3519,8663,3160,6638,47.6,1007,2840,35.5,1336,1800,74.2,691,3083,3774,1889,1102,526,429,326,1431,2019,https://cdn.nba.com/logos/nba/1610612749/global/L/logo.svg
Toronto Raptors,72,53,19,.736,3476,8118,2897,6331,45.8,995,2663,37.4,1329,1670,79.6,685,2583,3268,1816,1067,636,358,395,1559,2019,https://cdn.nba.com/logos/nba/1610612749/global/L/logo.svg
Los Angeles Lakers,71,52,19,.732,3418,8054,3006,6269,48.0,782,2242,34.9,1260,1728,72.9,757,2490,3247,1803,1077,612,468,263,1471,2019,https://cdn.nba.com/logos/nba/1610612749/global/L/logo.svg
LA Clippers,72,49,23,.681,3476,8377,2992,6425,46.6,895,2410,37.1,1498,1894,79.1,767,2664,3431,1708,1051,511,338,338,1594,2019,https://cdn.nba.com/logos/nba/1610612749/global/L/logo.svg
Boston Celtics,72,48,24,.667,3486,8183,2971,6448,46.1,905,2487,36.4,1336,1668,80.1,768,2549,3317,1655,995,595,406,396,1553,2019,https://cdn.nba.com/logos/nba/1610612749/global/L/logo.svg
Denver Nuggets,73,46,27,.630,3549,8124,3069,6488,47.3,801,2234,35.9,1185,1526,77.7,786,2436,3222,1952,1005,586,337,324,1485,2019,https://cdn.nba.com/logos/nba/1610612749/global/L/logo.svg
Indiana Pacers,73,45,28,.616,3524,7989,3075,6457,47.6,743,2046,36.3,1096,1393,78.7,636,2489,3125,1888,967,543,376,335,1445,2019,https://cdn.nba.com/logos/nba/1610612749/global/L/logo.svg
Houston Rockets,72,44,28,.611,3476,8482,2936,6512,45.1,1126,3261,34.5,1484,1876,79.1,704,2484,3188,1557,1057,627,371,354,1566,2019,https://cdn.nba.com/logos/nba/1610612749/global/L/logo.svg
Oklahoma City Thunder,72,44,28,.611,3486,7950,2879,6156,46.8,770,2171,35.5,1422,1787,79.6,593,2495,3088,1562,986,550,353,290,1390,2019,https://cdn.nba.com/logos/nba/1610612749/global/L/logo.svg
Utah Jazz,72,44,28,.611,3471,8013,2886,6130,47.1,963,2537,38.0,1278,1641,77.9,656,2577,3233,1615,1089,438,292,329,1468,2019,https://cdn.nba.com/logos/nba/1610612749/global/L/logo.svg
Miami Heat,73,44,29,.603,3549,8179,2880,6160,46.8,979,2584,37.9,1440,1840,78.3,620,2619,3239,1892,1088,547,332,302,1501,2019,https://cdn.nba.com/logos/nba/1610612749/global/L/logo.svg
Philadelphia 76ers,73,43,30,.589,3519,8084,3000,6417,46.8,848,2307,36.8,1236,1638,75.5,764,2553,3317,1884,1037,586,389,294,1529,2019,https://cdn.nba.com/logos/nba/1610612749/global/L/logo.svg
Dallas Mavericks,75,43,32,.573,3635,8776,3124,6772,46.1,1136,3095,36.7,1392,1787,77.9,791,2729,3520,1849,953,460,363,311,1462,2019,https://cdn.nba.com/logos/nba/1610612749/global/L/logo.svg
Brooklyn Nets,72,35,37,.486,3496,8048,2908,6498,44.8,941,2746,34.3,1291,1732,74.5,766,2683,3449,1761,1099,464,323,379,1510,2019,https://cdn.nba.com/logos/nba/1610612749/global/L/logo.svg
Portland Trail Blazers,74,35,39,.473,3567,8508,3122,6749,46.3,952,2525,37.7,1312,1632,80.4,754,2599,3353,1525,946,465,451,364,1606,2019,https://cdn.nba.com/logos/nba/1610612749/global/L/logo.svg
Memphis Grizzlies,73,34,39,.466,3514,8222,3106,6634,46.8,798,2297,34.7,1212,1589,76.3,754,2643,3397,1965,1113,576,398,386,1546,2019,https://cdn.nba.com/logos/nba/1610612749/global/L/logo.svg
Phoenix Suns,73,34,39,.466,3519,8294,3006,6429,46.8,831,2320,35.8,1451,1740,83.4,712,2465,3177,1987,1077,559,290,401,1609,2019,https://cdn.nba.com/logos/nba/1610612749/global/L/logo.svg
Orlando Magic,73,33,40,.452,3514,7831,2871,6468,44.4,807,2354,34.3,1282,1656,77.4,751,2498,3249,1747,937,599,396,338,1336,2019,https://cdn.nba.com/logos/nba/1610612749/global/L/logo.svg
San Antonio Spurs,71,32,39,.451,3443,8098,2995,6350,47.2,760,2021,37.6,1348,1664,81.0,640,2530,3170,1751,895,518,390,308,1377,2019,https://cdn.nba.com/logos/nba/1610612749/global/L/logo.svg
Sacramento Kings,72,31,41,.431,3491,7927,2943,6364,46.2,914,2511,36.4,1127,1464,77.0,695,2372,3067,1713,1043,556,293,304,1595,2019,https://cdn.nba.com/logos/nba/1610612749/global/L/logo.svg
New Orleans Pelicans,72,30,42,.417,3486,8341,3065,6598,46.5,982,2656,37.0,1229,1687,72.9,797,2551,3348,1932,1181,539,358,348,1524,2019,https://cdn.nba.com/logos/nba/1610612749/global/L/logo.svg
Charlotte Hornets,65,23,42,.354,3150,6687,2425,5586,43.4,785,2231,35.2,1052,1406,74.8,715,2066,2781,1549,949,428,268,328,1223,2019,https://cdn.nba.com/logos/nba/1610612749/global/L/logo.svg
Washington Wizards,72,25,47,.347,3471,8238,2990,6544,45.7,864,2345,36.8,1394,1770,78.8,732,2295,3027,1801,1020,574,309,363,1634,2019,https://cdn.nba.com/logos/nba/1610612749/global/L/logo.svg
Chicago Bulls,65,22,43,.338,3135,6945,2573,5762,44.7,793,2282,34.8,1006,1332,75.5,680,2041,2721,1510,1005,652,265,384,1417,2019,https://cdn.nba.com/logos/nba/1610612749/global/L/logo.svg
New York Knicks,66,21,45,.318,3193,6983,2638,5896,44.7,631,1872,33.7,1076,1550,69.4,795,2274,3069,1456,946,504,313,333,1464,2019,https://cdn.nba.com/logos/nba/1610612749/global/L/logo.svg
Detroit Pistons,66,20,46,.303,3193,7078,2595,5658,45.9,791,2157,36.7,1097,1476,74.3,644,2109,2753,1589,1008,490,299,369,1299,2019,https://cdn.nba.com/logos/nba/1610612749/global/L/logo.svg
Atlanta Hawks,67,20,47,.299,3256,7488,2723,6067,44.9,805,2416,33.3,1237,1566,79.0,661,2237,2898,1605,1086,523,341,428,1548,2019,https://cdn.nba.com/logos/nba/1610612749/global/L/logo.svg
Minnesota Timberwolves,64,19,45,.297,3112,7248,2586,5865,44.1,853,2540,33.6,1223,1624,75.3,675,2193,2868,1525,981,555,362,355,1370,2019,https://cdn.nba.com/logos/nba/1610612749/global/L/logo.svg
Cleveland Cavaliers,65,19,46,.292,3145,6948,2619,5715,45.8,727,2070,35.1,983,1296,75.8,704,2172,2876,1500,1073,447,211,412,1188,2019,https://cdn.nba.com/logos/nba/1610612749/global/L/logo.svg
Golden State Warriors,65,15,50,.231,3145,6912,2510,5730,43.8,678,2032,33.4,1214,1511,80.3,647,2138,2785,1663,969,534,299,321,1304,2019,https://cdn.nba.com/logos/nba/1610612749/global/L/logo.svg
Milwaukee Bucks,82,60,22,.732,3956,9686,3555,7471,47.6,1105,3134,35.3,1471,1904,77.3,762,3316,4078,2136,1137,615,486,395,1608,2018,https://cdn.nba.com/logos/nba/1610612749/global/L/logo.svg
Toronto Raptors,82,58,24,.707,3976,9384,3460,7305,47.4,1015,2771,36.6,1449,1803,80.4,786,2920,3706,2085,1150,680,437,368,1724,2018,https://cdn.nba.com/logos/nba/1610612749/global/L/logo.svg
Golden State Warriors,82,57,25,.695,3961,9650,3612,7361,49.1,1087,2824,38.5,1339,1672,80.1,797,2990,3787,2413,1169,625,525,295,1757,2018,https://cdn.nba.com/logos/nba/1610612749/global/L/logo.svg
Denver Nuggets,82,54,28,.659,3946,9075,3439,7384,46.6,903,2571,35.1,1294,1714,75.5,972,2832,3804,2245,1102,634,363,407,1644,2018,https://cdn.nba.com/logos/nba/1610612749/global/L/logo.svg
Houston Rockets,82,53,29,.646,3966,9341,3218,7163,44.9,1323,3721,35.6,1582,2001,79.1,836,2613,3449,1741,1094,700,405,369,1803,2018,https://cdn.nba.com/logos/nba/1610612749/global/L/logo.svg
Portland Trail Blazers,82,53,29,.646,3971,9402,3470,7427,46.7,904,2520,35.9,1558,1914,81.4,967,2968,3935,1887,1135,546,413,420,1669,2018,https://cdn.nba.com/logos/nba/1610612749/global/L/logo.svg
Philadelphia 76ers,82,51,31,.622,3961,9445,3407,7233,47.1,889,2474,35.9,1742,2258,77.1,892,3025,3917,2207,1223,606,432,336,1745,2018,https://cdn.nba.com/logos/nba/1610612749/global/L/logo.svg
Utah Jazz,82,50,32,.610,3951,9161,3314,7082,46.8,993,2789,35.6,1540,2092,73.6,820,2981,3801,2133,1240,663,483,376,1728,2018,https://cdn.nba.com/logos/nba/1610612749/global/L/logo.svg
Boston Celtics,82,49,33,.598,3956,9216,3451,7423,46.5,1032,2829,36.5,1282,1598,80.2,804,2849,3653,2155,1052,706,435,317,1670,2018,https://cdn.nba.com/logos/nba/1610612749/global/L/logo.svg
Oklahoma City Thunder,82,49,33,.598,3971,9387,3497,7706,45.4,932,2677,34.8,1461,2049,71.3,1031,2911,3942,1917,1145,766,425,415,1839,2018,https://cdn.nba.com/logos/nba/1610612749/global/L/logo.svg
Indiana Pacers,82,48,34,.585,3941,8857,3390,7135,47.5,779,2081,37.4,1298,1727,75.2,762,2766,3528,2128,1122,713,404,425,1594,2018,https://cdn.nba.com/logos/nba/1610612749/global/L/logo.svg
LA Clippers,82,48,34,.585,3966,9442,3384,7178,47.1,821,2118,38.8,1853,2340,79.2,796,2936,3732,1970,1193,561,385,498,1913,2018,https://cdn.nba.com/logos/nba/1610612749/global/L/logo.svg
San Antonio Spurs,82,48,34,.585,3961,9156,3468,7248,47.8,812,2071,39.2,1408,1720,81.9,757,2910,3667,2013,992,501,386,332,1487,2018,https://cdn.nba.com/logos/nba/1610612749/global/L/logo.svg
Brooklyn Nets,82,42,40,.512,3996,9204,3301,7358,44.9,1047,2965,35.3,1555,2088,74.5,900,2919,3819,1954,1236,539,339,432,1763,2018,https://cdn.nba.com/logos/nba/1610612749/global/L/logo.svg
Orlando Magic,82,42,40,.512,3956,8800,3316,7307,45.4,937,2633,35.6,1231,1575,78.2,822,2902,3724,2095,1082,543,445,362,1526,2018,https://cdn.nba.com/logos/nba/1610612749/global/L/logo.svg
Detroit Pistons,82,41,41,.500,3971,8778,3185,7238,44.0,993,2854,34.8,1415,1893,74.7,936,2752,3688,1845,1135,569,331,419,1811,2018,https://cdn.nba.com/logos/nba/1610612749/global/L/logo.svg
Charlotte Hornets,82,39,43,.476,3966,9081,3297,7362,44.8,977,2783,35.1,1510,1895,79.7,814,2778,3592,1905,1001,591,405,492,1550,2018,https://cdn.nba.com/logos/nba/1610612749/global/L/logo.svg
Miami Heat,82,39,43,.476,3946,8668,3251,7218,45.0,928,2658,34.9,1238,1782,69.5,921,2879,3800,1991,1208,627,448,389,1712,2018,https://cdn.nba.com/logos/nba/1610612749/global/L/logo.svg
Sacramento Kings,82,39,43,.476,3946,9363,3541,7637,46.4,927,2455,37.8,1354,1865,72.6,906,2819,3725,2083,1095,679,363,420,1751,2018,https://cdn.nba.com/logos/nba/1610612749/global/L/logo.svg
Los Angeles Lakers,82,37,45,.451,3956,9165,3491,7425,47.0,847,2541,33.3,1336,1910,69.9,835,2985,3820,2096,1284,618,440,421,1701,2018,https://cdn.nba.com/logos/nba/1610612749/global/L/logo.svg
Minnesota Timberwolves,82,36,46,.439,3966,9223,3413,7483,45.6,827,2357,35.1,1570,1995,78.7,923,2750,3673,2018,1074,683,411,455,1664,2018,https://cdn.nba.com/logos/nba/1610612749/global/L/logo.svg
Dallas Mavericks,82,33,49,.402,3956,8927,3182,7122,44.7,1022,3002,34.0,1541,2076,74.2,832,2884,3716,1918,1167,533,351,368,1650,2018,https://cdn.nba.com/logos/nba/1610612749/global/L/logo.svg
Memphis Grizzlies,82,33,49,.402,3976,8490,3113,6924,45.0,811,2368,34.2,1453,1882,77.2,723,2703,3426,1963,1147,684,448,402,1801,2018,https://cdn.nba.com/logos/nba/1610612749/global/L/logo.svg
New Orleans Pelicans,82,33,49,.402,3951,9466,3581,7563,47.3,842,2449,34.4,1462,1921,76.1,909,2969,3878,2216,1215,610,441,445,1732,2018,https://cdn.nba.com/logos/nba/1610612749/global/L/logo.svg
Washington Wizards,82,32,50,.390,3986,9350,3456,7387,46.8,930,2731,34.1,1508,1963,76.8,794,2679,3473,2154,1154,683,379,378,1701,2018,https://cdn.nba.com/logos/nba/1610612749/global/L/logo.svg
Atlanta Hawks,82,29,53,.354,3971,9294,3392,7524,45.1,1067,3034,35.2,1443,1918,75.2,955,2825,3780,2118,1397,675,419,448,1932,2018,https://cdn.nba.com/logos/nba/1610612749/global/L/logo.svg
Chicago Bulls,82,22,60,.268,3981,8605,3266,7205,45.3,745,2123,35.1,1328,1695,78.3,718,2799,3517,1796,1159,603,351,473,1663,2018,https://cdn.nba.com/logos/nba/1610612749/global/L/logo.svg
Cleveland Cavaliers,82,19,63,.232,3951,8567,3189,7184,44.4,847,2388,35.5,1342,1694,79.2,879,2619,3498,1698,1106,534,195,459,1642,2018,https://cdn.nba.com/logos/nba/1610612749/global/L/logo.svg
Phoenix Suns,82,19,63,.232,3976,8815,3289,7164,45.9,790,2400,32.9,1447,1858,77.9,748,2563,3311,1957,1279,735,418,411,1932,2018,https://cdn.nba.com/logos/nba/1610612749/global/L/logo.svg
New York Knicks,82,17,65,.207,3956,8575,3134,7241,43.3,823,2421,34.0,1484,1956,75.9,857,2811,3668,1646,1151,557,422,458,1713,2018,https://cdn.nba.com/logos/nba/1610612749/global/L/logo.svg
Houston Rockets,82,65,17,.793,3951,9213,3174,6906,46.0,1256,3470,36.2,1609,2061,78.1,739,2825,3564,1767,1135,699,392,363,1597,2017,https://cdn.nba.com/logos/nba/1610612745/global/L/logo.svg
Toronto Raptors,82,59,23,.720,3966,9156,3383,7169,47.2,968,2705,35.8,1422,1790,79.4,800,2807,3607,1995,1095,626,500,401,1783,2017,https://cdn.nba.com/logos/nba/1610612745/global/L/logo.svg
Golden State Warriors,82,58,24,.707,3946,9304,3509,6979,50.3,926,2369,39.1,1360,1668,81.5,691,2877,3568,2402,1265,656,612,300,1607,2017,https://cdn.nba.com/logos/nba/1610612745/global/L/logo.svg
Boston Celtics,82,55,27,.671,3961,8529,3141,6975,45.0,939,2492,37.7,1308,1697,77.1,767,2878,3645,1842,1148,604,373,364,1618,2017,https://cdn.nba.com/logos/nba/1610612745/global/L/logo.svg
Philadelphia 76ers,82,52,30,.634,3956,9004,3349,7098,47.2,901,2445,36.9,1405,1868,75.2,893,2996,3889,2221,1353,682,420,417,1811,2017,https://cdn.nba.com/logos/nba/1610612745/global/L/logo.svg
Cleveland Cavaliers,82,50,32,.610,3946,9091,3311,6950,47.6,981,2636,37.2,1488,1909,77.9,694,2761,3455,1916,1126,582,312,340,1524,2017,https://cdn.nba.com/logos/nba/1610612745/global/L/logo.svg
Portland Trail Blazers,82,49,33,.598,3951,8661,3222,7132,45.2,845,2308,36.6,1372,1715,80.0,835,2893,3728,1599,1109,573,423,418,1599,2017,https://cdn.nba.com/logos/nba/1610612745/global/L/logo.svg
Indiana Pacers,82,48,34,.585,3951,8656,3345,7083,47.2,741,2010,36.9,1225,1573,77.9,788,2684,3472,1819,1088,721,340,428,1544,2017,https://cdn.nba.com/logos/nba/1610612745/global/L/logo.svg
New Orleans Pelicans,82,48,34,.585,3991,9161,3500,7241,48.3,837,2312,36.2,1324,1716,77.2,712,2923,3635,2195,1223,657,485,344,1570,2017,https://cdn.nba.com/logos/nba/1610612745/global/L/logo.svg
Oklahoma City Thunder,82,48,34,.585,3966,8844,3271,7221,45.3,881,2491,35.4,1421,1985,71.6,1024,2671,3695,1750,1147,743,412,377,1653,2017,https://cdn.nba.com/logos/nba/1610612745/global/L/logo.svg
Utah Jazz,82,48,34,.585,3951,8540,3139,6797,46.2,887,2425,36.6,1375,1766,77.9,740,2807,3547,1839,1205,708,420,380,1608,2017,https://cdn.nba.com/logos/nba/1610612745/global/L/logo.svg
Minnesota Timberwolves,82,47,35,.573,3961,8980,3365,7063,47.6,658,1845,35.7,1592,1980,80.4,848,2593,3441,1861,1021,689,345,382,1495,2017,https://cdn.nba.com/logos/nba/1610612745/global/L/logo.svg
San Antonio Spurs,82,47,35,.573,3946,8424,3202,6999,45.7,696,1977,35.2,1324,1715,77.2,849,2777,3626,1868,1078,628,460,318,1408,2017,https://cdn.nba.com/logos/nba/1610612745/global/L/logo.svg
Denver Nuggets,82,46,36,.561,3976,9020,3338,7102,47.0,940,2536,37.1,1404,1830,76.7,902,2748,3650,2059,1226,627,404,391,1533,2017,https://cdn.nba.com/logos/nba/1610612745/global/L/logo.svg
Miami Heat,82,44,38,.537,3986,8480,3184,6997,45.5,903,2506,36.0,1209,1601,75.5,763,2801,3564,1862,1178,620,437,378,1648,2017,https://cdn.nba.com/logos/nba/1610612745/global/L/logo.svg
Milwaukee Bucks,82,44,38,.537,3966,8731,3257,6807,47.8,718,2024,35.5,1499,1915,78.3,688,2579,3267,1905,1135,722,443,366,1752,2017,https://cdn.nba.com/logos/nba/1610612745/global/L/logo.svg
Washington Wizards,82,43,39,.524,3971,8742,3275,7018,46.7,814,2173,37.5,1378,1786,77.2,823,2713,3536,2065,1196,645,353,383,1746,2017,https://cdn.nba.com/logos/nba/1610612745/global/L/logo.svg
LA Clippers,82,42,40,.512,3941,8937,3302,7004,47.1,777,2196,35.4,1556,2095,74.3,832,2766,3598,1832,1204,628,372,462,1638,2017,https://cdn.nba.com/logos/nba/1610612745/global/L/logo.svg
Detroit Pistons,82,39,43,.476,3961,8509,3208,7129,45.0,886,2373,37.3,1207,1621,74.5,830,2756,3586,1868,1102,628,317,398,1508,2017,https://cdn.nba.com/logos/nba/1610612745/global/L/logo.svg
Charlotte Hornets,82,36,46,.439,3956,8874,3197,7106,45.0,824,2233,36.9,1656,2216,74.7,827,2901,3728,1770,1041,559,373,404,1409,2017,https://cdn.nba.com/logos/nba/1610612745/global/L/logo.svg
Los Angeles Lakers,82,35,47,.427,3981,8862,3338,7248,46.1,822,2384,34.5,1364,1910,71.4,876,2927,3803,1949,1295,633,388,447,1736,2017,https://cdn.nba.com/logos/nba/1610612745/global/L/logo.svg
New York Knicks,82,29,53,.354,3966,8566,3334,7193,46.4,673,1914,35.2,1225,1557,78.7,859,2752,3611,1912,1208,552,421,389,1682,2017,https://cdn.nba.com/logos/nba/1610612745/global/L/logo.svg
Brooklyn Nets,82,28,54,.341,3971,8741,3136,7114,44.1,1041,2924,35.6,1428,1850,77.2,792,2852,3644,1941,1245,512,390,450,1688,2017,https://cdn.nba.com/logos/nba/1610612745/global/L/logo.svg
Chicago Bulls,82,27,55,.329,3971,8440,3170,7285,43.5,906,2549,35.5,1194,1574,75.9,790,2872,3662,1923,1147,626,289,423,1571,2017,https://cdn.nba.com/logos/nba/1610612745/global/L/logo.svg
Sacramento Kings,82,27,55,.329,3951,8104,3179,7063,45.0,738,1967,37.5,1008,1371,73.5,776,2578,3354,1768,1125,643,340,389,1639,2017,https://cdn.nba.com/logos/nba/1610612745/global/L/logo.svg
Orlando Magic,82,25,57,.305,3946,8479,3182,7042,45.2,844,2405,35.1,1271,1678,75.7,722,2692,3414,1921,1192,622,400,402,1579,2017,https://cdn.nba.com/logos/nba/1610612745/global/L/logo.svg
Atlanta Hawks,82,24,58,.293,3941,8475,3130,7015,44.6,917,2544,36.0,1298,1654,78.5,743,2693,3436,1946,1274,638,348,453,1606,2017,https://cdn.nba.com/logos/nba/1610612745/global/L/logo.svg
Dallas Mavericks,82,24,58,.293,3961,8390,3128,7042,44.4,967,2688,36.0,1167,1530,76.3,666,2717,3383,1858,1007,578,310,369,1578,2017,https://cdn.nba.com/logos/nba/1610612745/global/L/logo.svg
Memphis Grizzlies,82,22,60,.268,3941,8145,3013,6788,44.4,758,2152,35.2,1361,1732,78.6,779,2544,3323,1767,1227,613,396,421,1900,2017,https://cdn.nba.com/logos/nba/1610612745/global/L/logo.svg
Phoenix Suns,82,21,61,.256,3941,8522,3153,7141,44.2,763,2286,33.4,1453,1962,74.1,842,2776,3618,1743,1289,569,370,488,1807,2017,https://cdn.nba.com/logos/nba/1610612745/global/L/logo.svg
Golden State Warriors,82,67,15,.817,3956,9503,3532,7140,49.5,982,2562,38.3,1457,1850,78.8,770,2873,3643,2491,1211,785,555,313,1585,2016,https://cdn.nba.com/logos/nba/1610612744/global/L/logo.svg
San Antonio Spurs,82,61,21,.744,3961,8637,3222,6864,46.9,753,1927,39.1,1440,1806,79.7,821,2777,3598,1954,1101,655,484,333,1498,2016,https://cdn.nba.com/logos/nba/1610612744/global/L/logo.svg
Houston Rockets,82,55,27,.671,3956,9458,3305,7152,46.2,1181,3306,35.7,1667,2177,76.6,892,2746,3638,2070,1240,670,352,409,1634,2016,https://cdn.nba.com/logos/nba/1610612744/global/L/logo.svg
Boston Celtics,82,53,29,.646,3951,8857,3168,6977,45.4,985,2741,35.9,1536,1903,80.7,743,2698,3441,2069,1088,617,340,425,1686,2016,https://cdn.nba.com/logos/nba/1610612744/global/L/logo.svg
Cleveland Cavaliers,82,51,31,.622,3976,9048,3275,6963,47.0,1067,2779,38.4,1431,1913,74.8,766,2821,3587,1858,1121,539,327,349,1486,2016,https://cdn.nba.com/logos/nba/1610612744/global/L/logo.svg
LA Clippers,82,51,31,.622,3951,8911,3242,6820,47.5,841,2245,37.5,1586,2128,74.5,738,2790,3528,1848,1062,612,347,258,1626,2016,https://cdn.nba.com/logos/nba/1610612744/global/L/logo.svg
Toronto Raptors,82,51,31,.622,3956,8762,3211,6918,46.4,725,1996,36.3,1615,2028,79.6,871,2676,3547,1517,1041,677,400,392,1708,2016,https://cdn.nba.com/logos/nba/1610612744/global/L/logo.svg
Utah Jazz,82,51,31,.622,3951,8258,3033,6515,46.6,791,2128,37.2,1401,1875,74.7,771,2774,3545,1651,1118,550,410,312,1545,2016,https://cdn.nba.com/logos/nba/1610612744/global/L/logo.svg
Washington Wizards,82,49,33,.598,3971,8953,3388,7137,47.5,756,2030,37.2,1421,1812,78.4,843,2671,3514,1956,1162,693,336,377,1745,2016,https://cdn.nba.com/logos/nba/1610612744/global/L/logo.svg
Oklahoma City Thunder,82,47,35,.573,3961,8741,3237,7169,45.2,692,2116,32.7,1575,2113,74.5,1002,2821,3823,1721,1230,648,408,450,1715,2016,https://cdn.nba.com/logos/nba/1610612744/global/L/logo.svg
Atlanta Hawks,82,43,39,.524,3976,8459,3123,6918,45.1,729,2137,34.1,1484,2039,72.8,842,2793,3635,1938,1294,672,397,424,1491,2016,https://cdn.nba.com/logos/nba/1610612744/global/L/logo.svg
Memphis Grizzlies,82,43,39,.524,3981,8239,2984,6854,43.5,767,2169,35.4,1504,1918,78.4,886,2621,3507,1744,1059,653,344,410,1840,2016,https://cdn.nba.com/logos/nba/1610612744/global/L/logo.svg
Indiana Pacers,82,42,40,.512,3971,8618,3221,6931,46.5,709,1885,37.6,1467,1811,81.0,742,2702,3444,1844,1130,669,409,407,1597,2016,https://cdn.nba.com/logos/nba/1610612744/global/L/logo.svg
Milwaukee Bucks,82,42,40,.512,3956,8497,3182,6715,47.4,720,1946,37.0,1413,1839,76.8,723,2589,3312,1984,1145,666,436,375,1660,2016,https://cdn.nba.com/logos/nba/1610612744/global/L/logo.svg
Chicago Bulls,82,41,41,.500,3956,8435,3169,7141,44.4,623,1831,34.0,1474,1848,79.8,999,2797,3796,1851,1112,643,393,378,1455,2016,https://cdn.nba.com/logos/nba/1610612744/global/L/logo.svg
Miami Heat,82,41,41,.500,3956,8460,3202,7037,45.5,808,2213,36.5,1248,1768,70.6,872,2705,3577,1742,1102,588,469,398,1680,2016,https://cdn.nba.com/logos/nba/1610612744/global/L/logo.svg
Portland Trail Blazers,82,41,41,.500,3986,8851,3243,7059,45.9,852,2272,37.5,1513,1940,78.0,830,2750,3580,1733,1126,574,408,431,1736,2016,https://cdn.nba.com/logos/nba/1610612744/global/L/logo.svg
Denver Nuggets,82,40,42,.488,3951,9161,3377,7194,46.9,870,2365,36.8,1537,1986,77.4,966,2837,3803,2077,1226,568,323,404,1567,2016,https://cdn.nba.com/logos/nba/1610612744/global/L/logo.svg
Detroit Pistons,82,37,45,.451,3961,8309,3269,7282,44.9,631,1915,33.0,1140,1586,71.9,908,2838,3746,1732,973,574,310,339,1467,2016,https://cdn.nba.com/logos/nba/1610612744/global/L/logo.svg
Charlotte Hornets,82,36,46,.439,3966,8601,3093,7000,44.2,824,2347,35.1,1591,1953,81.5,721,2853,3574,1891,942,571,390,450,1360,2016,https://cdn.nba.com/logos/nba/1610612744/global/L/logo.svg
New Orleans Pelicans,82,34,48,.415,3981,8556,3210,7130,45.0,768,2196,35.0,1368,1825,75.0,703,2879,3582,1869,1054,638,453,348,1490,2016,https://cdn.nba.com/logos/nba/1610612744/global/L/logo.svg
Dallas Mavericks,82,33,49,.402,3956,8029,2968,6750,44.0,878,2473,35.5,1215,1516,80.1,647,2516,3163,1705,972,614,307,280,1567,2016,https://cdn.nba.com/logos/nba/1610612744/global/L/logo.svg
Sacramento Kings,82,32,50,.390,3976,8430,3105,6734,46.1,737,1960,37.6,1483,1913,77.5,715,2652,3367,1844,1201,627,324,420,1667,2016,https://cdn.nba.com/logos/nba/1610612744/global/L/logo.svg
Minnesota Timberwolves,82,31,51,.378,3961,8657,3235,6922,46.7,601,1723,34.9,1586,1986,79.9,938,2540,3478,1940,1150,654,370,413,1646,2016,https://cdn.nba.com/logos/nba/1610612744/global/L/logo.svg
New York Knicks,82,31,51,.378,3971,8556,3244,7256,44.7,704,2022,34.8,1364,1731,78.8,983,2723,3706,1786,1139,581,455,377,1668,2016,https://cdn.nba.com/logos/nba/1610612744/global/L/logo.svg
Orlando Magic,82,29,53,.354,3961,8288,3139,7133,44.0,701,2139,32.8,1309,1753,74.7,807,2734,3541,1820,1091,580,396,419,1584,2016,https://cdn.nba.com/logos/nba/1610612744/global/L/logo.svg
Philadelphia 76ers,82,28,54,.341,3966,8400,3088,6992,44.2,831,2443,34.0,1393,1806,77.1,807,2706,3513,1949,1366,692,420,446,1793,2016,https://cdn.nba.com/logos/nba/1610612744/global/L/logo.svg
Los Angeles Lakers,82,26,56,.317,3941,8575,3224,7164,45.0,730,2110,34.6,1397,1853,75.4,933,2636,3569,1716,1243,674,320,440,1698,2016,https://cdn.nba.com/logos/nba/1610612744/global/L/logo.svg
Phoenix Suns,82,24,58,.293,3966,8831,3270,7260,45.0,615,1854,33.2,1676,2159,77.6,976,2712,3688,1604,1265,673,399,435,2030,2016,https://cdn.nba.com/logos/nba/1610612744/global/L/logo.svg
Brooklyn Nets,82,20,62,.244,3951,8673,3102,6987,44.4,877,2591,33.8,1592,2020,78.8,721,2879,3600,1756,1356,593,387,457,1726,2016,https://cdn.nba.com/logos/nba/1610612744/global/L/logo.svg
Golden State Warriors,82,73,9,.890,3976,9421,3489,7159,48.7,1077,2592,41.6,1366,1790,76.3,816,2972,3788,2373,1245,689,498,336,1701,2015,https://cdn.nba.com/logos/nba/1610612744/global/L/logo.svg
San Antonio Spurs,82,67,15,.817,3941,8490,3289,6797,48.4,570,1518,37.5,1342,1672,80.3,770,2831,3601,2010,1071,677,485,317,1433,2015,https://cdn.nba.com/logos/nba/1610612744/global/L/logo.svg
Cleveland Cavaliers,82,57,25,.695,3971,8555,3171,6888,46.0,880,2428,36.2,1333,1783,74.8,873,2777,3650,1861,1114,551,317,362,1666,2015,https://cdn.nba.com/logos/nba/1610612744/global/L/logo.svg
Toronto Raptors,82,56,26,.683,3956,8422,3006,6669,45.1,708,1915,37.0,1702,2190,77.7,836,2724,3560,1536,1073,636,449,442,1610,2015,https://cdn.nba.com/logos/nba/1610612744/global/L/logo.svg
Oklahoma City Thunder,82,55,27,.671,3966,9038,3372,7082,47.6,678,1945,34.9,1616,2067,78.2,1071,2916,3987,1883,1305,603,487,373,1691,2015,https://cdn.nba.com/logos/nba/1610612744/global/L/logo.svg
LA Clippers,82,53,29,.646,3966,8569,3141,6759,46.5,797,2190,36.4,1490,2152,69.2,721,2727,3448,1873,1063,709,460,259,1746,2015,https://cdn.nba.com/logos/nba/1610612744/global/L/logo.svg
Atlanta Hawks,82,48,34,.585,3966,8433,3168,6923,45.8,815,2326,35.0,1282,1638,78.3,679,2772,3451,2100,1226,747,486,411,1570,2015,https://cdn.nba.com/logos/nba/1610612744/global/L/logo.svg
Boston Celtics,82,48,34,.585,3956,8669,3216,7318,43.9,717,2142,33.5,1520,1929,78.8,950,2733,3683,1981,1127,752,348,450,1796,2015,https://cdn.nba.com/logos/nba/1610612744/global/L/logo.svg
Charlotte Hornets,82,48,34,.585,3971,8479,3036,6922,43.9,873,2410,36.2,1534,1941,79.0,734,2869,3603,1778,1029,595,438,448,1487,2015,https://cdn.nba.com/logos/nba/1610612744/global/L/logo.svg
Miami Heat,82,48,34,.585,3966,8204,3150,6697,47.0,498,1480,33.6,1406,1889,74.4,807,2811,3618,1709,1155,553,531,337,1502,2015,https://cdn.nba.com/logos/nba/1610612744/global/L/logo.svg
Indiana Pacers,82,45,37,.549,3976,8377,3142,6985,45.0,663,1889,35.1,1430,1872,76.4,847,2779,3626,1741,1219,742,391,366,1641,2015,https://cdn.nba.com/logos/nba/1610612744/global/L/logo.svg
Detroit Pistons,82,44,38,.537,3976,8361,3111,7087,43.9,740,2148,34.5,1399,2095,66.8,1021,2777,3798,1594,1110,573,304,366,1557,2015,https://cdn.nba.com/logos/nba/1610612744/global/L/logo.svg
Portland Trail Blazers,82,44,38,.537,3961,8622,3167,7040,45.0,864,2336,37.0,1424,1889,75.4,948,2782,3730,1748,1200,562,380,424,1782,2015,https://cdn.nba.com/logos/nba/1610612744/global/L/logo.svg
Chicago Bulls,82,42,40,.512,3981,8335,3165,7170,44.1,651,1753,37.1,1354,1720,78.7,907,2889,3796,1870,1141,495,470,465,1545,2015,https://cdn.nba.com/logos/nba/1610612744/global/L/logo.svg
Dallas Mavericks,82,42,40,.512,4001,8388,3064,6900,44.4,806,2342,34.4,1454,1831,79.4,751,2781,3532,1813,1047,560,306,363,1595,2015,https://cdn.nba.com/logos/nba/1610612744/global/L/logo.svg
Memphis Grizzlies,82,42,40,.512,3966,8126,3019,6859,44.0,504,1521,33.1,1584,2024,78.3,916,2497,3413,1697,1090,724,350,469,1783,2015,https://cdn.nba.com/logos/nba/1610612744/global/L/logo.svg
Houston Rockets,82,41,41,.500,3966,8737,3094,6847,45.2,878,2533,34.7,1671,2407,69.4,930,2601,3531,1821,1307,821,430,404,1790,2015,https://cdn.nba.com/logos/nba/1610612744/global/L/logo.svg
Washington Wizards,82,41,41,.500,3951,8534,3238,7033,46.0,709,1983,35.8,1349,1849,73.0,743,2688,3431,2005,1186,708,323,356,1708,2015,https://cdn.nba.com/logos/nba/1610612744/global/L/logo.svg
Utah Jazz,82,40,42,.488,3991,8010,2957,6593,44.9,694,1956,35.5,1402,1885,74.4,880,2665,3545,1554,1224,631,425,385,1655,2015,https://cdn.nba.com/logos/nba/1610612744/global/L/logo.svg
Orlando Magic,82,35,47,.427,3981,8369,3242,7120,45.5,636,1818,35.0,1249,1649,75.7,843,2709,3552,1933,1155,673,417,448,1701,2015,https://cdn.nba.com/logos/nba/1610612744/global/L/logo.svg
Denver Nuggets,82,33,49,.402,3966,8355,3093,7003,44.2,656,1943,33.8,1513,1974,76.6,941,2718,3659,1858,1202,609,395,517,1723,2015,https://cdn.nba.com/logos/nba/1610612744/global/L/logo.svg
Milwaukee Bucks,82,33,49,.402,3966,8122,3145,6740,46.7,440,1277,34.5,1392,1863,74.7,858,2559,3417,1895,1247,672,475,462,1695,2015,https://cdn.nba.com/logos/nba/1610612744/global/L/logo.svg
Sacramento Kings,82,33,49,.402,3961,8740,3283,7083,46.4,660,1839,35.9,1514,2089,72.5,868,2760,3628,2009,1326,733,368,437,1676,2015,https://cdn.nba.com/logos/nba/1610612744/global/L/logo.svg
New York Knicks,82,32,50,.390,3961,8065,3022,6886,43.9,610,1762,34.6,1411,1753,80.5,850,2788,3638,1682,1099,467,466,343,1616,2015,https://cdn.nba.com/logos/nba/1610612744/global/L/logo.svg
New Orleans Pelicans,82,30,52,.366,3956,8423,3153,7040,44.8,702,1951,36.0,1415,1823,77.6,782,2712,3494,1818,1102,633,342,423,1713,2015,https://cdn.nba.com/logos/nba/1610612744/global/L/logo.svg
Minnesota Timberwolves,82,29,53,.354,3976,8398,3095,6668,46.4,455,1347,33.8,1753,2213,79.2,821,2587,3408,1916,1231,656,375,427,1696,2015,https://cdn.nba.com/logos/nba/1610612744/global/L/logo.svg
Phoenix Suns,82,23,59,.280,3941,8271,3051,7018,43.5,738,2118,34.8,1431,1905,75.1,943,2733,3676,1701,1410,632,313,449,1858,2015,https://cdn.nba.com/logos/nba/1610612744/global/L/logo.svg
Brooklyn Nets,82,21,61,.256,3951,8089,3136,6920,45.3,531,1508,35.2,1286,1699,75.7,863,2614,3477,1829,1212,627,332,430,1476,2015,https://cdn.nba.com/logos/nba/1610612744/global/L/logo.svg
Los Angeles Lakers,82,17,65,.207,3946,7982,2880,6956,41.4,639,2016,31.7,1583,2028,78.1,878,2645,3523,1478,1124,593,337,458,1662,2015,https://cdn.nba.com/logos/nba/1610612744/global/L/logo.svg
Philadelphia 76ers,82,10,72,.122,3961,7988,2970,6887,43.1,764,2255,33.9,1284,1850,69.4,777,2605,3382,1765,1343,680,495,466,1780,2015,https://cdn.nba.com/logos/nba/1610612744/global/L/logo.svg
Golden State Warriors,82,67,15,.817,3946,9016,3410,7137,47.8,883,2217,39.8,1313,1709,76.8,853,2814,3667,2248,1185,762,496,293,1628,2014,https://cdn.nba.com/logos/nba/1610612744/global/L/logo.svg
Atlanta Hawks,82,60,22,.732,3946,8409,3121,6699,46.6,818,2152,38.0,1349,1735,77.8,715,2611,3326,2111,1167,744,380,404,1457,2014,https://cdn.nba.com/logos/nba/1610612744/global/L/logo.svg
Houston Rockets,82,56,26,.683,3961,8522,3032,6832,44.4,933,2680,34.8,1525,2133,71.5,958,2624,3582,1820,1366,777,407,437,1803,2014,https://cdn.nba.com/logos/nba/1610612744/global/L/logo.svg
Los Angeles Clippers,82,56,26,.683,3946,8751,3228,6830,47.3,827,2202,37.6,1468,2067,71.0,784,2711,3495,2031,1012,640,409,245,1749,2014,https://cdn.nba.com/logos/nba/1610612744/global/L/logo.svg
Memphis Grizzlies,82,55,27,.671,3981,8062,3097,6763,45.8,423,1246,33.9,1445,1869,77.3,856,2634,3490,1777,1094,700,347,424,1567,2014,https://cdn.nba.com/logos/nba/1610612744/global/L/logo.svg
San Antonio Spurs,82,55,27,.671,3991,8461,3208,6854,46.8,677,1847,36.7,1368,1754,78.0,806,2772,3578,2000,1146,657,444,362,1564,2014,https://cdn.nba.com/logos/nba/1610612744/global/L/logo.svg
Cleveland Cavaliers,82,53,29,.646,3956,8457,3089,6739,45.8,826,2253,36.7,1453,1934,75.1,911,2612,3523,1814,1171,603,340,368,1510,2014,https://cdn.nba.com/logos/nba/1610612744/global/L/logo.svg
Portland Trail Blazers,82,51,31,.622,3971,8429,3175,7049,45.0,807,2231,36.2,1272,1589,80.1,879,2881,3760,1799,1117,525,372,297,1494,2014,https://cdn.nba.com/logos/nba/1610612744/global/L/logo.svg
Chicago Bulls,82,50,32,.610,3976,8265,3001,6797,44.2,645,1825,35.3,1618,2067,78.3,959,2792,3751,1781,1145,514,476,443,1495,2014,https://cdn.nba.com/logos/nba/1610612744/global/L/logo.svg
Dallas Mavericks,82,50,32,.610,3976,8628,3255,7036,46.3,732,2082,35.2,1386,1843,75.2,858,2608,3466,1846,1062,663,371,314,1644,2014,https://cdn.nba.com/logos/nba/1610612744/global/L/logo.svg
Toronto Raptors,82,49,33,.598,3971,8527,3108,6829,45.5,726,2060,35.2,1585,2014,78.7,881,2526,3407,1701,1057,615,357,413,1712,2014,https://cdn.nba.com/logos/nba/1610612744/global/L/logo.svg
Washington Wizards,82,46,36,.561,3991,8080,3139,6790,46.2,497,1381,36.0,1305,1758,74.2,862,2801,3663,1969,1233,601,378,350,1707,2014,https://cdn.nba.com/logos/nba/1610612744/global/L/logo.svg
New Orleans Pelicans,82,45,37,.549,3956,8147,3108,6795,45.7,586,1583,37.0,1345,1790,75.1,942,2621,3563,1806,1087,553,510,475,1530,2014,https://cdn.nba.com/logos/nba/1610612744/global/L/logo.svg
Oklahoma City Thunder,82,45,37,.549,3966,8524,3184,7119,44.7,632,1864,33.9,1524,2020,75.4,1052,2844,3896,1681,1205,598,454,377,1829,2014,https://cdn.nba.com/logos/nba/1610612744/global/L/logo.svg
Milwaukee Bucks,82,41,41,.500,3986,8023,3083,6722,45.9,545,1500,36.3,1312,1734,75.7,876,2574,3450,1932,1373,789,403,392,1814,2014,https://cdn.nba.com/logos/nba/1610612744/global/L/logo.svg
Boston Celtics,82,40,42,.488,3976,8312,3193,7211,44.3,660,2021,32.7,1266,1678,75.4,910,2685,3595,2009,1133,674,294,431,1738,2014,https://cdn.nba.com/logos/nba/1610612744/global/L/logo.svg
Phoenix Suns,82,39,43,.476,3976,8397,3178,7038,45.2,698,2048,34.1,1343,1767,76.0,896,2643,3539,1659,1238,700,385,337,1744,2014,https://cdn.nba.com/logos/nba/1610612744/global/L/logo.svg
Brooklyn Nets,82,38,44,.463,3986,8038,3069,6804,45.1,541,1633,33.1,1359,1817,74.8,846,2627,3473,1716,1133,576,340,372,1579,2014,https://cdn.nba.com/logos/nba/1610612744/global/L/logo.svg
Indiana Pacers,82,38,44,.463,3971,7981,2998,6824,43.9,612,1740,35.2,1373,1817,75.6,856,2822,3678,1757,1147,505,375,386,1742,2014,https://cdn.nba.com/logos/nba/1610612744/global/L/logo.svg
Utah Jazz,82,38,44,.463,3941,7801,2900,6492,44.7,610,1781,34.3,1391,1929,72.1,988,2617,3605,1632,1256,623,489,382,1583,2014,https://cdn.nba.com/logos/nba/1610612744/global/L/logo.svg
Miami Heat,82,37,45,.451,3946,7764,2885,6330,45.6,556,1659,33.5,1438,1940,74.1,747,2461,3208,1626,1214,642,372,359,1636,2014,https://cdn.nba.com/logos/nba/1610612744/global/L/logo.svg
Charlotte Hornets,82,33,49,.402,3981,7721,2913,6932,42.0,498,1566,31.8,1397,1867,74.8,820,2793,3613,1654,976,499,448,440,1494,2014,https://cdn.nba.com/logos/nba/1610612744/global/L/logo.svg
Detroit Pistons,82,32,50,.390,3966,8077,3041,7038,43.2,703,2043,34.4,1292,1838,70.3,1051,2630,3681,1771,1099,623,383,391,1559,2014,https://cdn.nba.com/logos/nba/1610612744/global/L/logo.svg
Denver Nuggets,82,30,52,.366,3976,8320,3099,7158,43.3,660,2032,32.5,1462,1991,73.4,1012,2653,3665,1788,1166,641,367,504,1882,2014,https://cdn.nba.com/logos/nba/1610612744/global/L/logo.svg
Sacramento Kings,82,29,53,.354,3971,8310,3010,6617,45.5,461,1350,34.1,1829,2400,76.2,895,2728,3623,1667,1333,550,324,508,1696,2014,https://cdn.nba.com/logos/nba/1610612744/global/L/logo.svg
Orlando Magic,82,25,57,.305,3951,7847,3076,6792,45.3,554,1598,34.7,1141,1565,72.9,822,2607,3429,1692,1221,647,314,441,1714,2014,https://cdn.nba.com/logos/nba/1610612744/global/L/logo.svg
Los Angeles Lakers,82,21,61,.256,3986,8073,3054,7020,43.5,532,1546,34.4,1433,1935,74.1,952,2647,3599,1715,1086,578,366,396,1741,2014,https://cdn.nba.com/logos/nba/1610612744/global/L/logo.svg
Philadelphia 76ers,82,18,64,.220,3961,7542,2765,6777,40.8,692,2160,32.0,1320,1953,67.6,978,2536,3514,1683,1453,789,487,454,1778,2014,https://cdn.nba.com/logos/nba/1610612744/global/L/logo.svg
New York Knicks,82,17,65,.207,3971,7535,2882,6726,42.8,560,1614,34.7,1211,1575,76.9,867,2443,3310,1746,1206,575,382,353,1768,2014,https://cdn.nba.com/logos/nba/1610612744/global/L/logo.svg
Minnesota Timberwolves,82,16,66,.195,3961,8016,2986,6820,43.8,406,1223,33.2,1638,2110,77.6,949,2406,3355,1771,1231,668,327,449,1571,2014,https://cdn.nba.com/logos/nba/1610612744/global/L/logo.svg
